<?xml version="1.0" encoding="utf-8" ?>
<component name="MainScene" extends="Scene">
  <script type="text/brightscript" uri="pkg:/components/StreamScene.brs" />
  <interface>
    <field id="streamListContent" type="node" />
    <field id="currentStreamData" type="assocarray" />
    <field id="chatMessages" type="array" />
    <field id="viewerCount" type="integer" value="0" />
    <field id="streamerName" type="string" value="" />
    <field id="streamTitle" type="string" value="" />
  </interface>
  <children>
    <!-- ========== ENHANCED BACKGROUND SYSTEM ========== -->
    <Rectangle id="primaryBackground" 
               width="1920" 
               height="1080" 
               color="0x0F0F23FF" />
    
    <!-- DYNAMIC GRADIENT OVERLAYS -->
    <Rectangle id="gradientTopLeft" 
               width="960" 
               height="540" 
               color="0x53FC1808" 
               translation="[0, 0]" />
    
    <Rectangle id="gradientTopRight" 
               width="960" 
               height="540" 
               color="0x6441A408" 
               translation="[960, 0]" />
    
    <Rectangle id="gradientBottomLeft" 
               width="960" 
               height="540" 
               color="0xFF6B3508" 
               translation="[0, 540]" />
    
    <Rectangle id="gradientBottomRight" 
               width="960" 
               height="540" 
               color="0x1E1E3F08" 
               translation="[960, 540]" />
    
    <!-- ANIMATED ACCENT LINES -->
    <Rectangle id="topAccentLine" 
               width="1920" 
               height="3" 
               color="0x53FC18FF" 
               translation="[0, 0]" />
    
    <Rectangle id="bottomAccentLine" 
               width="1920" 
               height="3" 
               color="0x53FC18FF" 
               translation="[0, 1077]" />
    
    <!-- ========== ENHANCED LEFT SIDEBAR PANEL ========== -->
    <Group id="sidebarPanel" translation="[0, 0]">
      <Rectangle id="sidebarBg" 
                 width="280" 
                 height="1080" 
                 color="0x1E2A44FF" />
      <Rectangle id="sidebarGradient" 
                 width="280" 
                 height="1080" 
                 color="0x2A3A5410" 
                 translation="[0, 0]" />
      <Rectangle id="sidebarAccent" 
                 width="6" 
                 height="1080" 
                 color="0x53FC18FF" 
                 translation="[274, 0]" />
      <Rectangle id="sidebarGlow" 
                 width="12" 
                 height="1080" 
                 color="0x53FC1830" 
                 translation="[268, 0]" />
      <Rectangle id="sidebarHeader" 
                 width="280" 
                 height="80" 
                 color="0x2A3A54FF" 
                 translation="[0, 0]" />
      <Rectangle id="sidebarHeaderGradient" 
                 width="280" 
                 height="80" 
                 color="0x53FC1815" 
                 translation="[0, 0]" />
      <Rectangle id="sidebarHeaderBorder" 
                 width="280" 
                 height="2" 
                 color="0x53FC18FF" 
                 translation="[0, 78]" />
      <Label id="sidebarTitle" 
             text="🔴 LIVE NOW" 
             translation="[20, 20]" 
             width="240" 
             height="40" 
             font="font:LargeBoldSystemFont" 
             color="0x53FC18FF" />
      <Rectangle id="streamCounterBg" 
                 width="240" 
                 height="40" 
                 color="0x404040FF" 
                 translation="[20, 90]" />
      <Rectangle id="streamCounterGradient" 
                 width="240" 
                 height="40" 
                 color="0x53FC1810" 
                 translation="[20, 90]" />
      <Rectangle id="streamCounterBorder" 
                 width="240" 
                 height="2" 
                 color="0x53FC1860" 
                 translation="[20, 90]" />
      <Label id="streamCounter" 
             text="🎮 0 STREAMERS ONLINE" 
             translation="[30, 105]" 
             width="220" 
             height="20" 
             font="font:MediumBoldSystemFont" 
             color="0xFFFFFFFF" />
      <Rectangle id="streamListBg" 
                 width="260" 
                 height="920" 
                 color="0x1A2A3AFF" 
                 translation="[10, 150]" />
      <Rectangle id="streamListGradient" 
                 width="260" 
                 height="920" 
                 color="0x2A3A5415" 
                 translation="[10, 150]" />
      <Rectangle id="streamListBorder" 
                 width="260" 
                 height="2" 
                 color="0x53FC1840" 
                 translation="[10, 150]" />
      <BusySpinner id="sidebarSpinner" 
                   translation="[130, 500]" 
                   visible="false" 
                   spinInterval="0.1" 
                   clockwise="true" />
      <Label id="sidebarLoadingText" 
             text="🔄 Fetching streams..." 
             translation="[70, 540]" 
             width="180" 
             height="20" 
             font="font:MediumSystemFont" 
             color="0x53FC18FF" 
             visible="false" />
      <LabelList id="streamList" 
                 translation="[20, 160]" 
                 itemSize="[260, 50]" 
                 itemSpacing="10" 
                 numRows="18" 
                 itemComponentName="SimpleRowListItem" 
                 visible="true" />
    </Group>
    
    <!-- ========== ENHANCED MAIN CONTENT CONTAINER ========== -->
    <Group id="mainContentPanel" translation="[280, 0]">
      <Rectangle id="outerContainerBg" 
                 width="1640" 
                 height="1080" 
                 color="0x2E2E2EFF" />
      <Rectangle id="containerGradient" 
                 width="1640" 
                 height="1080" 
                 color="0x3A3A4E10" 
                 translation="[0, 0]" />
      <Rectangle id="containerBorder" 
                 width="1640" 
                 height="6" 
                 color="0x53FC18FF" 
                 translation="[0, 0]" />
      <Rectangle id="containerGlow" 
                 width="1640" 
                 height="12" 
                 color="0x53FC1830" 
                 translation="[0, -6]" />
      
      <!-- ========== ENHANCED STREAM VIDEO BOX ========== -->
      <Group id="streamVideoPanel" translation="[20, 20]">
        <Rectangle id="streamFrame" 
                   width="964" 
                   height="544" 
                   color="0x404040FF" />
        <Rectangle id="streamFrameGradient" 
                   width="964" 
                   height="544" 
                   color="0x53FC1815" 
                   translation="[0, 0]" />
        <Rectangle id="streamFrameGlow" 
                   width="972" 
                   height="552" 
                   color="0x53FC1820" 
                   translation="[-4, -4]" />
        <Rectangle id="streamInnerBg" 
                   width="960" 
                   height="540" 
                   color="0x000000FF" 
                   translation="[2, 2]" />
        <Video id="videoPlayer" 
               translation="[2, 2]" 
               width="960" 
               height="540" 
               visible="true" 
               enableUI="false" 
               scaleMode="scaleToFit" />
        <Rectangle id="videoControlsBg" 
                   width="960" 
                   height="60" 
                   color="0x00000090" 
                   translation="[2, 480]" 
                   visible="false" />
        <Rectangle id="videoControlsGradient" 
                   width="960" 
                   height="60" 
                   color="0x53FC1815" 
                   translation="[2, 480]" 
                   visible="false" />
        <Label id="videoControlsText" 
               text="▶️ PLAY  ⏸️ PAUSE  🔊 VOLUME  ⚙️ SETTINGS  🔄 REFRESH" 
               translation="[20, 496]" 
               width="920" 
               height="30" 
               font="font:MediumBoldSystemFont" 
               color="0x53FC18FF" 
               visible="false" />
        <Rectangle id="qualityIndicatorBg" 
                   width="100" 
                   height="40" 
                   color="0x53FC18E0" 
                   translation="[860, 10]" />
        <Rectangle id="qualityGradient" 
                   width="100" 
                   height="40" 
                   color="0x3DD80A30" 
                   translation="[860, 10]" />
        <Rectangle id="qualityGlow" 
                   width="108" 
                   height="48" 
                   color="0x53FC1830" 
                   translation="[856, 6]" />
        <Label id="qualityIndicator" 
               text="4K HDR" 
               translation="[875, 23]" 
               width="70" 
               height="20" 
               font="font:MediumBoldSystemFont" 
               color="0x000000FF" />
        <Rectangle id="liveIndicatorBg" 
                   width="80" 
                   height="30" 
                   color="0xFF4444FF" 
                   translation="[10, 10]" />
        <Label id="liveIndicator" 
               text="🔴 LIVE" 
               translation="[20, 18]" 
               width="60" 
               height="15" 
               font="font:SmallBoldSystemFont" 
               color="0xFFFFFFFF" />
        <Rectangle id="viewerOverlayBg" 
                   width="120" 
                   height="30" 
                   color="0x00000080" 
                   translation="[100, 10]" />
        <Label id="viewerOverlay" 
               text="👥 40,373,679" 
               translation="[110, 18]" 
               width="100" 
               height="15" 
               font="font:SmallBoldSystemFont" 
               color="0x53FC18FF" />
      </Group>
      
      <!-- ========== ENHANCED CHAT PANEL ========== -->
      <Group id="chatPanel" translation="[1120, 20]" visible="true">
        <Rectangle id="chatBg" 
                   width="500" 
                   height="608" 
                   color="0x1E2A44FF" />
        <Rectangle id="chatGradient" 
                   width="500" 
                   height="608" 
                   color="0x2A3A5415" 
                   translation="[0, 0]" />
        <Rectangle id="chatGlow" 
                   width="508" 
                   height="616" 
                   color="0x53FC1820" 
                   translation="[-4, -4]" />
        <Rectangle id="chatBorder" 
                   width="500" 
                   height="6" 
                   color="0x53FC18FF" 
                   translation="[0, 0]" />
        <Rectangle id="chatHeader" 
                   width="500" 
                   height="60" 
                   color="0x2A3A54FF" 
                   translation="[0, 6]" />
        <Rectangle id="chatHeaderGradient" 
                   width="500" 
                   height="60" 
                   color="0x53FC1815" 
                   translation="[0, 6]" />
        <Rectangle id="chatHeaderBorder" 
                   width="500" 
                   height="2" 
                   color="0x53FC18FF" 
                   translation="[0, 64]" />
        <Label id="chatTitle" 
               text="💬 LIVE CHAT" 
               translation="[20, 25]" 
               width="460" 
               height="30" 
               font="font:LargeBoldSystemFont" 
               color="0x53FC18FF" />
        <Rectangle id="chatActivityBg" 
                   width="80" 
                   height="25" 
                   color="0x53FC1830" 
                   translation="[400, 20]" />
        <Label id="chatActivity" 
               text="🔥 ACTIVE" 
               translation="[410, 25]" 
               width="60" 
               height="15" 
               font="font:SmallBoldSystemFont" 
               color="0x53FC18FF" />
        <Rectangle id="chatMessagesBg" 
                   width="480" 
                   height="520" 
                   color="0x1A2A3AFF" 
                   translation="[10, 76]" />
        <Rectangle id="chatMessagesGradient" 
                   width="480" 
                   height="520" 
                   color="0x2A3A5410" 
                   translation="[10, 76]" />
        <Rectangle id="chatMessagesBorder" 
                   width="480" 
                   height="2" 
                   color="0x53FC1840" 
                   translation="[10, 76]" />
        <LabelList id="chatMessages" 
                   translation="[20, 90]" 
                   itemSize="[460, 30]" 
                   itemSpacing="5" 
                   width="460" 
                   height="490" 
                   visible="true" />
        <Rectangle id="chatInputBg" 
                   width="480" 
                   height="30" 
                   color="0x404040FF" 
                   translation="[10, 566]" />
        <Rectangle id="chatInputGradient" 
                   width="480" 
                   height="30" 
                   color="0x53FC1810" 
                   translation="[10, 566]" />
        <Label id="chatInputText" 
               text="💭 Chat viewing only on Roku • Use mobile to participate" 
               translation="[20, 575]" 
               width="460" 
               height="15" 
               font="font:SmallSystemFont" 
               color="0xB3B3CCFF" />
      </Group>
      
      <!-- ========== ENHANCED STREAM INFO BAR ========== -->
      <Group id="streamInfoPanel" translation="[20, 648]">
        <Rectangle id="infoBg" 
                   width="1600" 
                   height="110" 
                   color="0x1E2A44FF" />
        <Rectangle id="infoGradient" 
                   width="1600" 
                   height="110" 
                   color="0x2A3A5415" 
                   translation="[0, 0]" />
        <Rectangle id="infoGlow" 
                   width="1608" 
                   height="118" 
                   color="0x53FC1815" 
                   translation="[-4, -4]" />
        <Rectangle id="infoAccent" 
                   width="1600" 
                   height="6" 
                   color="0x53FC18FF" 
                   translation="[0, 0]" />
        <Rectangle id="avatarBg" 
                   width="80" 
                   height="80" 
                   color="0x404040FF" 
                   translation="[15, 15]" />
        <Rectangle id="avatarGradient" 
                   width="80" 
                   height="80" 
                   color="0x53FC1820" 
                   translation="[15, 15]" />
        <Rectangle id="avatarGlow" 
                   width="88" 
                   height="88" 
                   color="0x53FC1830" 
                   translation="[11, 11]" />
        <Rectangle id="avatarBorder" 
                   width="80" 
                   height="4" 
                   color="0x53FC18FF" 
                   translation="[15, 15]" />
        <Label id="avatarText" 
               text="👤" 
               translation="[40, 40]" 
               width="30" 
               height="30" 
               font="font:LargeSystemFont" 
               color="0x53FC18FF" />
        <Label id="streamerName" 
               text="@cheesur" 
               translation="[110, 25]" 
               width="400" 
               height="30" 
               font="font:LargeBoldSystemFont" 
               color="0x53FC18FF" />
        <Label id="streamTitle" 
               text="🎮 Epic Gaming Session - Come Hang Out! 🔥" 
               translation="[110, 50]" 
               width="800" 
               height="25" 
               font="font:MediumSystemFont" 
               color="0xFFFFFFFF" />
        <Label id="streamCategory" 
               text="📂 Just Chatting • 🎯 Gaming • 🏆 Competitive" 
               translation="[110, 75]" 
               width="600" 
               height="20" 
               font="font:SmallSystemFont" 
               color="0xB3B3CCFF" />
        <Rectangle id="viewerStatsBg" 
                   width="200" 
                   height="80" 
                   color="0x2A3A54FF" 
                   translation="[1180, 15]" />
        <Rectangle id="viewerStatsGradient" 
                   width="200" 
                   height="80" 
                   color="0x53FC1815" 
                   translation="[1180, 15]" />
        <Rectangle id="viewerStatsBorder" 
                   width="200" 
                   height="3" 
                   color="0x53FC18FF" 
                   translation="[1180, 15]" />
        <Label id="viewerCount" 
               text="👥 40,373,679 viewers" 
               translation="[1195, 25]" 
               width="170" 
               height="20" 
               font="font:MediumBoldSystemFont" 
               color="0x53FC18FF" />
        <Label id="streamDuration" 
               text="⏱️ 2h 34m live" 
               translation="[1195, 45]" 
               width="170" 
               height="15" 
               font="font:SmallSystemFont" 
               color="0xB3B3CCFF" />
        <Label id="streamQuality" 
               text="📺 4K 60fps HDR" 
               translation="[1195, 65]" 
               width="170" 
               height="15" 
               font="font:SmallSystemFont" 
               color="0xB3B3CCFF" />
        <Rectangle id="followBtnBg" 
                   width="120" 
                   height="45" 
                   color="0x53FC18FF" 
                   translation="[1460, 32]" />
        <Rectangle id="followBtnGradient" 
                   width="120" 
                   height="45" 
                   color="0x3DD80A30" 
                   translation="[1460, 32]" />
        <Rectangle id="followBtnGlow" 
                   width="128" 
                   height="53" 
                   color="0x53FC1840" 
                   translation="[1456, 28]" />
        <Label id="followBtnText" 
               text="+ FOLLOW" 
               translation="[1485, 47]" 
               width="70" 
               height="20" 
               font="font:MediumBoldSystemFont" 
               color="0x000000FF" />
      </Group>
      
      <!-- ========== ENHANCED BOTTOM CONTROLS BAR ========== -->
      <Group id="controlsPanel" translation="[0, 778]">
        <Rectangle id="controlsBg" 
                   width="1640" 
                   height="80" 
                   color="0x1A1A1AFF" />
        <Rectangle id="controlsGradient" 
                   width="1640" 
                   height="80" 
                   color="0x2A2A3E15" 
                   translation="[0, 0]" />
        <Rectangle id="controlsAccent" 
                   width="1640" 
                   height="4" 
                   color="0x53FC18FF" 
                   translation="[0, 0]" />
        <Rectangle id="controlsGlow" 
                   width="1640" 
                   height="8" 
                   color="0x53FC1830" 
                   translation="[0, -4]" />
        <Label id="controlsTitle" 
               text="🎮 ROKU CONTROLS" 
               translation="[20, 15]" 
               width="250" 
               height="25" 
               font="font:LargeBoldSystemFont" 
               color="0x53FC18FF" />
        <Label id="controlsText" 
               text="◀️ ▶️ Switch Streams  •  ⬆️ ⬇️ Navigate  •  OK Select  •  * Options  •  🏠 Home Exit  •  ⏯️ Play/Pause" 
               translation="[20, 45]" 
               width="1200" 
               height="20" 
               font="font:MediumSystemFont" 
               color="0xB3B3CCFF" />
        <Rectangle id="connectionStatusBg" 
                   width="200" 
                   height="55" 
                   color="0x2A3A54FF" 
                   translation="[1410, 12]" />
        <Rectangle id="connectionStatusGradient" 
                   width="200" 
                   height="55" 
                   color="0x53FC1815" 
                   translation="[1410, 12]" />
        <Rectangle id="connectionStatusBorder" 
                   width="200" 
                   height="3" 
                   color="0x53FC18FF" 
                   translation="[1410, 12]" />
        <Label id="connectionStatus" 
               text="🟢 CONNECTED" 
               translation="[1430, 25]" 
               width="160" 
               height="20" 
               font="font:MediumBoldSystemFont" 
               color="0x53FC18FF" />
        <Label id="connectionDetails" 
               text="📶 Excellent Signal" 
               translation="[1430, 45]" 
               width="160" 
               height="15" 
               font="font:SmallSystemFont" 
               color="0xB3B3CCFF" />
      </Group>
      
      <!-- ========== ENHANCED BOTTOM STATUS BAR ========== -->
      <Group id="statusPanel" translation="[0, 878]">
        <Rectangle id="statusBg" 
                   width="1640" 
                   height="60" 
                   color="0x0D1117FF" />
        <Rectangle id="statusGradient" 
                   width="1640" 
                   height="60" 
                   color="0x1E1E3F10" 
                   translation="[0, 0]" />
        <Rectangle id="statusAccent" 
                   width="1640" 
                   height="3" 
                   color="0x53FC18FF" 
                   translation="[0, 0]" />
        <Rectangle id="statusGlow" 
                   width="1640" 
                   height="6" 
                   color="0x53FC1820" 
                   translation="[0, -3]" />
        <Label id="networkStatus" 
               text="📶 Network: Excellent  •  🌐 Kick.com API: Online  •  📺 Stream: 4K HDR Quality  •  🔄 Auto-Refresh: ON" 
               translation="[20, 25]" 
               width="1200" 
               height="20" 
               font="font:MediumSystemFont" 
               color="0xB3B3CCFF" />
        <Rectangle id="timeDisplayBg" 
                   width="120" 
                   height="40" 
                   color="0x2A3A54FF" 
                   translation="[1500, 10]" />
        <Rectangle id="timeGradient" 
                   width="120" 
                   height="40" 
                   color="0x53FC1815" 
                   translation="[1500, 10]" />
        <Label id="timeDisplay" 
               text="🕐 3:23 PM" 
               translation="[1520, 25]" 
               width="80" 
               height="20" 
               font="font:MediumSystemFont" 
               color="0x53FC18FF" />
      </Group>
      
      <!-- ========== ENHANCED LOADING SYSTEM ========== -->
      <Group id="loadingPanel" translation="[820, 400]" visible="false">
        <Rectangle id="loadingBg" 
                   width="280" 
                   height="280" 
                   color="0x1E2A44FF" />
        <Rectangle id="loadingGradient" 
                   width="280" 
                   height="280" 
                   color="0x2A3A5415" 
                   translation="[0, 0]" />
        <Rectangle id="loadingGlow" 
                   width="288" 
                   height="288" 
                   color="0x53FC1830" 
                   translation="[-4, -4]" />
        <Rectangle id="loadingBorder" 
                   width="280" 
                   height="4" 
                   color="0x53FC18FF" 
                   translation="[0, 0]" />
        <BusySpinner id="mainLoadingSpinner" 
                     translation="[140, 100]" 
                     visible="true" 
                     spinInterval="0.08" 
                     clockwise="true" />
        <Label id="loadingTitle" 
               text="🔄 KICKROKU" 
               translation="[90, 140]" 
               width="100" 
               height="30" 
               font="font:LargeBoldSystemFont" 
               color="0x53FC18FF" />
        <Label id="loadingStatus" 
               text="Connecting to Kick.com..." 
               translation="[40, 170]" 
               width="200" 
               height="20" 
               font="font:MediumSystemFont" 
               color="0xFFFFFFFF" />
        <Rectangle id="progressBarBg" 
                   width="240" 
                   height="8" 
                   color="0x404040FF" 
                   translation="[20, 200]" />
        <Rectangle id="progressBar" 
                   width="0" 
                   height="8" 
                   color="0x53FC18FF" 
                   translation="[20, 200]" />
        <Label id="loadingPercent" 
               text="0%" 
               translation="[125, 220]" 
               width="30" 
               height="15" 
               font="font:SmallBoldSystemFont" 
               color="0x53FC18FF" />
        <Label id="loadingTips" 
               text="💡 Tip: Use arrow keys to navigate streams" 
               translation="[20, 245]" 
               width="240" 
               height="15" 
               font="font:SmallSystemFont" 
               color="0xB3B3CCFF" />
      </Group>
      
      <!-- ========== ENHANCED ERROR SYSTEM ========== -->
      <Group id="errorPanel" translation="[560, 300]" visible="false">
        <Rectangle id="errorBg" 
                   width="800" 
                   height="480" 
                   color="0x2A1E1EFF" />
        <Rectangle id="errorGradient" 
                   width="800" 
                   height="480" 
                   color="0xFF444415" 
                   translation="[0, 0]" />
        <Rectangle id="errorGlow" 
                   width="808" 
                   height="488" 
                   color="0xFF444430" 
                   translation="[-4, -4]" />
        <Rectangle id="errorBorder" 
                   width="800" 
                   height="6" 
                   color="0xFF4444FF" 
                   translation="[0, 0]" />
        <Rectangle id="errorIconBg" 
                   width="120" 
                   height="120" 
                   color="0xFF444440" 
                   translation="[340, 40]" />
        <Label id="errorIcon" 
               text="⚠️" 
               translation="[380, 80]" 
               width="40" 
               height="40" 
               font="font:LargeSystemFont" 
               color="0xFF4444FF" />
        <Label id="errorTitle" 
               text="CONNECTION ERROR" 
               translation="[250, 180]" 
               width="300" 
               height="40" 
               font="font:LargeBoldSystemFont" 
               color="0xFF4444FF" />
        <Label id="errorMessage" 
               text="Unable to connect to Kick.com servers.
Please check your internet connection." 
               translation="[100, 230]" 
               width="600" 
               height="60" 
               font="font:MediumSystemFont" 
               color="0xFFFFFFFF" />
        <Rectangle id="retryBtnBg" 
                   width="150" 
                   height="50" 
                   color="0x53FC18FF" 
                   translation="[200, 350]" />
        <Label id="retryBtnText" 
               text="🔄 RETRY" 
               translation="[245, 370]" 
               width="60" 
               height="20" 
               font="font:MediumBoldSystemFont" 
               color="0x000000FF" />
        <Rectangle id="exitBtnBg" 
                   width="150" 
                   height="50" 
                   color="0x404040FF" 
                   translation="[450, 350]" />
        <Label id="exitBtnText" 
               text="🏠 EXIT" 
               translation="[500, 370]" 
               width="50" 
               height="20" 
               font="font:MediumBoldSystemFont" 
               color="0xFFFFFFFF" />
      </Group>
      
      <!-- ========== ENHANCED NOTIFICATION SYSTEM ========== -->
      <Group id="notificationPanel" translation="[1420, 50]" visible="false">
        <Rectangle id="notificationBg" 
                   width="450" 
                   height="100" 
                   color="0x2A3A54FF" />
        <Rectangle id="notificationGradient" 
                   width="450" 
                   height="100" 
                   color="0x53FC1815" 
                   translation="[0, 0]" />
        <Rectangle id="notificationGlow" 
                   width="458" 
                   height="108" 
                   color="0x53FC1820" 
                   translation="[-4, -4]" />
        <Rectangle id="notificationBorder" 
                   width="450" 
                   height="4" 
                   color="0x53FC18FF" 
                   translation="[0, 0]" />
        <Label id="notificationIcon" 
               text="🔔" 
               translation="[20, 35]" 
               width="30" 
               height="30" 
               font="font:MediumSystemFont" 
               color="0x53FC18FF" />
        <Label id="notificationText" 
               text="New streamer went live!" 
               translation="[60, 25]" 
               width="370" 
               height="25" 
               font="font:MediumBoldSystemFont" 
               color="0xFFFFFFFF" />
        <Label id="notificationDetails" 
               text="@cheesur started streaming Just Chatting" 
               translation="[60, 50]" 
               width="370" 
               height="20" 
               font="font:SmallSystemFont" 
               color="0xB3B3CCFF" />
        <Label id="notificationClose" 
               text="✕" 
               translation="[420, 15]" 
               width="20" 
               height="20" 
               font="font:SmallBoldSystemFont" 
               color="0xFF4444FF" />
      </Group>
    </Group>
  </children>
</component>